method,n_stochastic,iteration,time_seconds,value,reference,error_pct
Exact,1,0,0.0004552999744191766,25.559031391084435,25.559031391084435,0.0
Exact,1,1,0.00044219999108463526,25.559031391084435,25.559031391084435,0.0
Exact,1,2,0.0003578999894671142,25.559031391084435,25.559031391084435,0.0
Exact,1,3,0.000335100048687309,25.559031391084435,25.559031391084435,0.0
Exact,1,4,0.0003231999580748379,25.559031391084435,25.559031391084435,0.0
Quad,1,0,0.002806900010909885,25.55903169707175,25.559031391084435,1.1971788329026665e-06
Quad,1,1,0.002276599989272654,25.55903169707175,25.559031391084435,1.1971788329026665e-06
Quad,1,2,0.002195300010498613,25.55903169707175,25.559031391084435,1.1971788329026665e-06
Quad,1,3,0.002249099954497069,25.55903169707175,25.559031391084435,1.1971788329026665e-06
Quad,1,4,0.002191700041294098,25.55903169707175,25.559031391084435,1.1971788329026665e-06
QMC,1,0,0.008722800004761666,25.558996037969486,25.559031391084435,0.0001383194629262047
QMC,1,1,0.008846999960951507,25.558996037969486,25.559031391084435,0.0001383194629262047
QMC,1,2,0.008702400024048984,25.558996037969486,25.559031391084435,0.0001383194629262047
QMC,1,3,0.008115499978885055,25.558996037969486,25.559031391084435,0.0001383194629262047
QMC,1,4,0.007814800017513335,25.558996037969486,25.559031391084435,0.0001383194629262047
MC,1,0,0.00845700001809746,25.559171630199142,25.559031391084435,0.0005486871257400197
MC,1,1,0.00865249999333173,25.559171630199142,25.559031391084435,0.0005486871257400197
MC,1,2,0.008715000003576279,25.559171630199142,25.559031391084435,0.0005486871257400197
MC,1,3,0.008614699996542186,25.559171630199142,25.559031391084435,0.0005486871257400197
MC,1,4,0.00875479995738715,25.559171630199142,25.559031391084435,0.0005486871257400197
Quad,2,0,0.30242229998111725,25.580032034159,25.580030502815998,5.986478407274704e-06
Quad,2,1,0.29769060004036874,25.580032034159,25.580030502815998,5.986478407274704e-06
Quad,2,2,0.29829820001032203,25.580032034159,25.580030502815998,5.986478407274704e-06
Quad,2,3,0.29891700000735,25.580032034159,25.580030502815998,5.986478407274704e-06
Quad,2,4,0.29585900000529364,25.580032034159,25.580030502815998,5.986478407274704e-06
QMC,2,0,0.00784809998003766,25.579988064057975,25.580030502815998,0.00016590581476352896
QMC,2,1,0.007822100014891475,25.579988064057975,25.580030502815998,0.00016590581476352896
QMC,2,2,0.007726199983153492,25.579988064057975,25.580030502815998,0.00016590581476352896
QMC,2,3,0.007674799999222159,25.579988064057975,25.580030502815998,0.00016590581476352896
QMC,2,4,0.007756899984087795,25.579988064057975,25.580030502815998,0.00016590581476352896
MC,2,0,0.008657199970912188,25.572216778769516,25.580030502815998,0.030546187369173666
MC,2,1,0.008658400038257241,25.572216778769516,25.580030502815998,0.030546187369173666
MC,2,2,0.009138199966400862,25.572216778769516,25.580030502815998,0.030546187369173666
MC,2,3,0.008901100023649633,25.572216778769516,25.580030502815998,0.030546187369173666
MC,2,4,0.008712099981494248,25.572216778769516,25.580030502815998,0.030546187369173666
Quad,3,0,99.91481400001794,25.61578388897045,25.615780373612136,1.372340902475374e-05
Quad,3,1,98.38060249999398,25.61578388897045,25.615780373612136,1.372340902475374e-05
Quad,3,2,98.21513750002487,25.61578388897045,25.615780373612136,1.372340902475374e-05
Quad,3,3,98.54390420002164,25.61578388897045,25.615780373612136,1.372340902475374e-05
Quad,3,4,97.68317999999272,25.61578388897045,25.615780373612136,1.372340902475374e-05
QMC,3,0,0.01170919998548925,25.615894301823467,25.615780373612136,0.00044475791745965376
QMC,3,1,0.01130170002579689,25.615894301823467,25.615780373612136,0.00044475791745965376
QMC,3,2,0.01087790000019595,25.615894301823467,25.615780373612136,0.00044475791745965376
QMC,3,3,0.011335400049574673,25.615894301823467,25.615780373612136,0.00044475791745965376
QMC,3,4,0.011471200035884976,25.615894301823467,25.615780373612136,0.00044475791745965376
MC,3,0,0.011609499983023852,25.610504463794975,25.615780373612136,0.020596326718182817
MC,3,1,0.01208539999788627,25.610504463794975,25.615780373612136,0.020596326718182817
MC,3,2,0.011782500019762665,25.610504463794975,25.615780373612136,0.020596326718182817
MC,3,3,0.011924899998120964,25.610504463794975,25.615780373612136,0.020596326718182817
MC,3,4,0.01157420000527054,25.610504463794975,25.615780373612136,0.020596326718182817
