method,n_samples,iteration,time_seconds,value,error_pct
Exact,1000,0,0.0002324000233784318,25.228014014405538,0.0
Exact,1000,1,0.00019869999960064888,25.228014014405538,0.0
Exact,1000,2,0.00018009997438639402,25.228014014405538,0.0
Exact,1000,3,0.00017410004511475563,25.228014014405538,0.0
Exact,1000,4,0.00017219997243955731,25.228014014405538,0.0
Exact,1000,5,0.00016380002489313483,25.228014014405538,0.0
Exact,1000,6,0.00016080000204965472,25.228014014405538,0.0
Exact,1000,7,0.00016329996287822723,25.228014014405538,0.0
Exact,1000,8,0.00016150000737980008,25.228014014405538,0.0
Exact,1000,9,0.00015839998377487063,25.228014014405538,0.0
Quad,1000,0,0.0009318999946117401,25.228046592593717,0.0001291349694056047
Quad,1000,1,0.0008833999745547771,25.228046592593717,0.0001291349694056047
Quad,1000,2,0.0009592000278644264,25.228046592593717,0.0001291349694056047
Quad,1000,3,0.0011051999754272401,25.228046592593717,0.0001291349694056047
Quad,1000,4,0.001061999995727092,25.228046592593717,0.0001291349694056047
Quad,1000,5,0.0009328000014647841,25.228046592593717,0.0001291349694056047
Quad,1000,6,0.0008682999759912491,25.228046592593717,0.0001291349694056047
Quad,1000,7,0.000854100042488426,25.228046592593717,0.0001291349694056047
Quad,1000,8,0.001172299962490797,25.228046592593717,0.0001291349694056047
Quad,1000,9,0.0009955000132322311,25.228046592593717,0.0001291349694056047
QMC,1000,0,0.0028374000103212893,25.22797958541827,0.00013647125472027494
QMC,1000,1,0.0028393000247888267,25.22797958541827,0.00013647125472027494
QMC,1000,2,0.002734399982728064,25.22797958541827,0.00013647125472027494
QMC,1000,3,0.0027346000424586236,25.22797958541827,0.00013647125472027494
QMC,1000,4,0.00280920002842322,25.22797958541827,0.00013647125472027494
QMC,1000,5,0.0027233000146225095,25.22797958541827,0.00013647125472027494
QMC,1000,6,0.002753599954303354,25.22797958541827,0.00013647125472027494
QMC,1000,7,0.0027937000268138945,25.22797958541827,0.00013647125472027494
QMC,1000,8,0.0027359999949112535,25.22797958541827,0.00013647125472027494
QMC,1000,9,0.002722000004723668,25.22797958541827,0.00013647125472027494
MC,1000,0,0.003528099972754717,25.228200421630024,0.0007388898086862185
MC,1000,1,0.003564500017091632,25.228200421630024,0.0007388898086862185
MC,1000,2,0.003584399993997067,25.228200421630024,0.0007388898086862185
MC,1000,3,0.003589299973100424,25.228200421630024,0.0007388898086862185
MC,1000,4,0.003458900027908385,25.228200421630024,0.0007388898086862185
MC,1000,5,0.0034930999972857535,25.228200421630024,0.0007388898086862185
MC,1000,6,0.003826199972536415,25.228200421630024,0.0007388898086862185
MC,1000,7,0.003628999984357506,25.228200421630024,0.0007388898086862185
MC,1000,8,0.0035449000424705446,25.228200421630024,0.0007388898086862185
MC,1000,9,0.003546199994161725,25.228200421630024,0.0007388898086862185
Exact,5000,0,0.00027710001450031996,25.225584816918918,0.0
Exact,5000,1,0.0002674000570550561,25.225584816918918,0.0
Exact,5000,2,0.00024390005273744464,25.225584816918918,0.0
Exact,5000,3,0.00023819995112717152,25.225584816918918,0.0
Exact,5000,4,0.00023210002109408379,25.225584816918918,0.0
Exact,5000,5,0.00023639999562874436,25.225584816918918,0.0
Exact,5000,6,0.0002269999822601676,25.225584816918918,0.0
Exact,5000,7,0.0002294000005349517,25.225584816918918,0.0
Exact,5000,8,0.00022879999596625566,25.225584816918918,0.0
Exact,5000,9,0.00022420001914724708,25.225584816918918,0.0
Quad,5000,0,0.0022493000142276287,25.22558489962746,3.278756184941607e-07
Quad,5000,1,0.0022764999885112047,25.22558489962746,3.278756184941607e-07
Quad,5000,2,0.0021778999944217503,25.22558489962746,3.278756184941607e-07
Quad,5000,3,0.00211280002258718,25.22558489962746,3.278756184941607e-07
Quad,5000,4,0.0021575000137090683,25.22558489962746,3.278756184941607e-07
Quad,5000,5,0.0020979000255465508,25.22558489962746,3.278756184941607e-07
Quad,5000,6,0.0020859999931417406,25.22558489962746,3.278756184941607e-07
Quad,5000,7,0.002094700001180172,25.22558489962746,3.278756184941607e-07
Quad,5000,8,0.0024588999804109335,25.22558489962746,3.278756184941607e-07
Quad,5000,9,0.0021614000434055924,25.22558489962746,3.278756184941607e-07
QMC,5000,0,0.007558699988294393,25.22554940879273,0.00014036592786451885
QMC,5000,1,0.01320859999395907,25.22554940879273,0.00014036592786451885
QMC,5000,2,0.008973500051070005,25.22554940879273,0.00014036592786451885
QMC,5000,3,0.01050170004600659,25.22554940879273,0.00014036592786451885
QMC,5000,4,0.009587499953340739,25.22554940879273,0.00014036592786451885
QMC,5000,5,0.011013000039383769,25.22554940879273,0.00014036592786451885
QMC,5000,6,0.008008000033441931,25.22554940879273,0.00014036592786451885
QMC,5000,7,0.0072392000001855195,25.22554940879273,0.00014036592786451885
QMC,5000,8,0.008322299981955439,25.22554940879273,0.00014036592786451885
QMC,5000,9,0.006231999956071377,25.22554940879273,0.00014036592786451885
MC,5000,0,0.00702559994533658,25.2256827120694,0.00038807881439607297
MC,5000,1,0.006884000031277537,25.2256827120694,0.00038807881439607297
MC,5000,2,0.006716699979733676,25.2256827120694,0.00038807881439607297
MC,5000,3,0.006761500029824674,25.2256827120694,0.00038807881439607297
MC,5000,4,0.006743599951732904,25.2256827120694,0.00038807881439607297
MC,5000,5,0.007830000016838312,25.2256827120694,0.00038807881439607297
MC,5000,6,0.006832699989899993,25.2256827120694,0.00038807881439607297
MC,5000,7,0.007439800014253706,25.2256827120694,0.00038807881439607297
MC,5000,8,0.007342499971855432,25.2256827120694,0.00038807881439607297
MC,5000,9,0.007433700026012957,25.2256827120694,0.00038807881439607297
Exact,10000,0,0.0003763000131584704,25.559031391084435,0.0
Exact,10000,1,0.00034899997990578413,25.559031391084435,0.0
Exact,10000,2,0.0003315000212751329,25.559031391084435,0.0
Exact,10000,3,0.00032629998167976737,25.559031391084435,0.0
Exact,10000,4,0.00031860003946349025,25.559031391084435,0.0
Exact,10000,5,0.0003142000059597194,25.559031391084435,0.0
Exact,10000,6,0.0003144000074826181,25.559031391084435,0.0
Exact,10000,7,0.0003147000097669661,25.559031391084435,0.0
Exact,10000,8,0.000312299991492182,25.559031391084435,0.0
Exact,10000,9,0.0003198999911546707,25.559031391084435,0.0
Quad,10000,0,0.00222239998402074,25.55903169707175,1.1971788329026665e-06
Quad,10000,1,0.0026669000508263707,25.55903169707175,1.1971788329026665e-06
Quad,10000,2,0.0030843999702483416,25.55903169707175,1.1971788329026665e-06
Quad,10000,3,0.002592400007415563,25.55903169707175,1.1971788329026665e-06
Quad,10000,4,0.0024287999840453267,25.55903169707175,1.1971788329026665e-06
Quad,10000,5,0.0022217999794520438,25.55903169707175,1.1971788329026665e-06
Quad,10000,6,0.002502200019080192,25.55903169707175,1.1971788329026665e-06
Quad,10000,7,0.0023456999915651977,25.55903169707175,1.1971788329026665e-06
Quad,10000,8,0.002260599983856082,25.55903169707175,1.1971788329026665e-06
Quad,10000,9,0.0026748000527732074,25.55903169707175,1.1971788329026665e-06
QMC,10000,0,0.008748399966862053,25.558996037969486,0.0001383194629262047
QMC,10000,1,0.008248500002082437,25.558996037969486,0.0001383194629262047
QMC,10000,2,0.007968299963977188,25.558996037969486,0.0001383194629262047
QMC,10000,3,0.008102699997834861,25.558996037969486,0.0001383194629262047
QMC,10000,4,0.007889700005762279,25.558996037969486,0.0001383194629262047
QMC,10000,5,0.00809540000045672,25.558996037969486,0.0001383194629262047
QMC,10000,6,0.007981200003996491,25.558996037969486,0.0001383194629262047
QMC,10000,7,0.007831899973098189,25.558996037969486,0.0001383194629262047
QMC,10000,8,0.00804059999063611,25.558996037969486,0.0001383194629262047
QMC,10000,9,0.008155299990903586,25.558996037969486,0.0001383194629262047
MC,10000,0,0.009120000002440065,25.559171630199142,0.0005486871257400197
MC,10000,1,0.008607700001448393,25.559171630199142,0.0005486871257400197
MC,10000,2,0.00879779999377206,25.559171630199142,0.0005486871257400197
MC,10000,3,0.008856800035573542,25.559171630199142,0.0005486871257400197
MC,10000,4,0.008979799982625991,25.559171630199142,0.0005486871257400197
MC,10000,5,0.008740399964153767,25.559171630199142,0.0005486871257400197
MC,10000,6,0.008450600027572364,25.559171630199142,0.0005486871257400197
MC,10000,7,0.008489299973007292,25.559171630199142,0.0005486871257400197
MC,10000,8,0.008318700012750924,25.559171630199142,0.0005486871257400197
MC,10000,9,0.008372599957510829,25.559171630199142,0.0005486871257400197
Exact,25000,0,0.0006262999959290028,25.61024669935403,0.0
Exact,25000,1,0.0006053000106476247,25.61024669935403,0.0
Exact,25000,2,0.0005896000075154006,25.61024669935403,0.0
Exact,25000,3,0.000699999975040555,25.61024669935403,0.0
Exact,25000,4,0.0006856000400148332,25.61024669935403,0.0
Exact,25000,5,0.0006153999711386859,25.61024669935403,0.0
Exact,25000,6,0.000769799982663244,25.61024669935403,0.0
Exact,25000,7,0.0006205000099726021,25.61024669935403,0.0
Exact,25000,8,0.0005870999884791672,25.61024669935403,0.0
Exact,25000,9,0.0005821000086143613,25.61024669935403,0.0
Quad,25000,0,0.0032070999732241035,25.610246807023117,4.204140988237738e-07
Quad,25000,1,0.003187099995557219,25.610246807023117,4.204140988237738e-07
Quad,25000,2,0.0034059000317938626,25.610246807023117,4.204140988237738e-07
Quad,25000,3,0.003231000038795173,25.610246807023117,4.204140988237738e-07
Quad,25000,4,0.003205799963325262,25.610246807023117,4.204140988237738e-07
Quad,25000,5,0.003526700020302087,25.610246807023117,4.204140988237738e-07
Quad,25000,6,0.0031464999774470925,25.610246807023117,4.204140988237738e-07
Quad,25000,7,0.0036736000329256058,25.610246807023117,4.204140988237738e-07
Quad,25000,8,0.00314839999191463,25.610246807023117,4.204140988237738e-07
Quad,25000,9,0.0031568999984301627,25.610246807023117,4.204140988237738e-07
QMC,25000,0,0.011141899973154068,25.61021144747292,0.00013764756553208654
QMC,25000,1,0.01122470002155751,25.61021144747292,0.00013764756553208654
QMC,25000,2,0.011815299978479743,25.61021144747292,0.00013764756553208654
QMC,25000,3,0.011040800018236041,25.61021144747292,0.00013764756553208654
QMC,25000,4,0.010972399963065982,25.61021144747292,0.00013764756553208654
QMC,25000,5,0.010820000024978071,25.61021144747292,0.00013764756553208654
QMC,25000,6,0.011283200001344085,25.61021144747292,0.00013764756553208654
QMC,25000,7,0.010925800015684217,25.61021144747292,0.00013764756553208654
QMC,25000,8,0.011344099999405444,25.61021144747292,0.00013764756553208654
QMC,25000,9,0.011228199990000576,25.61021144747292,0.00013764756553208654
MC,25000,0,0.012191100046038628,25.6103613861987,0.00044781624331109905
MC,25000,1,0.011933299945667386,25.6103613861987,0.00044781624331109905
MC,25000,2,0.011643400008324534,25.6103613861987,0.00044781624331109905
MC,25000,3,0.01169590000063181,25.6103613861987,0.00044781624331109905
MC,25000,4,0.011932399997022003,25.6103613861987,0.00044781624331109905
MC,25000,5,0.011919800017494708,25.6103613861987,0.00044781624331109905
MC,25000,6,0.012021399976219982,25.6103613861987,0.00044781624331109905
MC,25000,7,0.011717199988197535,25.6103613861987,0.00044781624331109905
MC,25000,8,0.012420399987604469,25.6103613861987,0.00044781624331109905
MC,25000,9,0.011931899993214756,25.6103613861987,0.00044781624331109905
Exact,50000,0,0.0011581999715417624,25.630293028973142,0.0
Exact,50000,1,0.0014831000007689,25.630293028973142,0.0
Exact,50000,2,0.0011826999834738672,25.630293028973142,0.0
Exact,50000,3,0.001080900023225695,25.630293028973142,0.0
Exact,50000,4,0.001049000013154,25.630293028973142,0.0
Exact,50000,5,0.0010369999799877405,25.630293028973142,0.0
Exact,50000,6,0.00103570002829656,25.630293028973142,0.0
Exact,50000,7,0.0010387000511400402,25.630293028973142,0.0
Exact,50000,8,0.0010588999721221626,25.630293028973142,0.0
Exact,50000,9,0.0012024000170640647,25.630293028973142,0.0
Quad,50000,0,0.003683399991132319,25.630293007875856,8.231386848509875e-08
Quad,50000,1,0.0033728000125847757,25.630293007875856,8.231386848509875e-08
Quad,50000,2,0.003784300002735108,25.630293007875856,8.231386848509875e-08
Quad,50000,3,0.003306599974166602,25.630293007875856,8.231386848509875e-08
Quad,50000,4,0.003294800000730902,25.630293007875856,8.231386848509875e-08
Quad,50000,5,0.0032568000024184585,25.630293007875856,8.231386848509875e-08
Quad,50000,6,0.003209899994544685,25.630293007875856,8.231386848509875e-08
Quad,50000,7,0.0034730000188574195,25.630293007875856,8.231386848509875e-08
Quad,50000,8,0.0037545000086538494,25.630293007875856,8.231386848509875e-08
Quad,50000,9,0.0033270999556407332,25.630293007875856,8.231386848509875e-08
QMC,50000,0,0.012709299975540489,25.630258388283703,0.00013515526100128583
QMC,50000,1,0.012731100025121123,25.630258388283703,0.00013515526100128583
QMC,50000,2,0.012231499946210533,25.630258388283703,0.00013515526100128583
QMC,50000,3,0.012544400000479072,25.630258388283703,0.00013515526100128583
QMC,50000,4,0.012923800037242472,25.630258388283703,0.00013515526100128583
QMC,50000,5,0.013159799971617758,25.630258388283703,0.00013515526100128583
QMC,50000,6,0.012662100023590028,25.630258388283703,0.00013515526100128583
QMC,50000,7,0.01274200004991144,25.630258388283703,0.00013515526100128583
QMC,50000,8,0.012722199957352132,25.630258388283703,0.00013515526100128583
QMC,50000,9,0.013685200014151633,25.630258388283703,0.00013515526100128583
MC,50000,0,0.013856499979738146,25.63038994147724,0.0003781170351373052
MC,50000,1,0.013729900005273521,25.63038994147724,0.0003781170351373052
MC,50000,2,0.013433600019197911,25.63038994147724,0.0003781170351373052
MC,50000,3,0.013887799985241145,25.63038994147724,0.0003781170351373052
MC,50000,4,0.013690899999346584,25.63038994147724,0.0003781170351373052
MC,50000,5,0.013119899958837777,25.63038994147724,0.0003781170351373052
MC,50000,6,0.012992500036489218,25.63038994147724,0.0003781170351373052
MC,50000,7,0.01279660000000149,25.63038994147724,0.0003781170351373052
MC,50000,8,0.012987299996893853,25.63038994147724,0.0003781170351373052
MC,50000,9,0.013101000047754496,25.63038994147724,0.0003781170351373052
Exact,100000,0,0.0025398999569006264,25.26124942317078,0.0
Exact,100000,1,0.0021543000475503504,25.26124942317078,0.0
Exact,100000,2,0.002133999951183796,25.26124942317078,0.0
Exact,100000,3,0.0021739000221714377,25.26124942317078,0.0
Exact,100000,4,0.0021010999917052686,25.26124942317078,0.0
Exact,100000,5,0.0020991999772377312,25.26124942317078,0.0
Exact,100000,6,0.0024725000257603824,25.26124942317078,0.0
Exact,100000,7,0.0022376999841071665,25.26124942317078,0.0
Exact,100000,8,0.002129600034095347,25.26124942317078,0.0
Exact,100000,9,0.0020861999946646392,25.26124942317078,0.0
Quad,100000,0,0.0048343000235036016,25.26124947574751,2.0813193398064553e-07
Quad,100000,1,0.004843699978664517,25.26124947574751,2.0813193398064553e-07
Quad,100000,2,0.0047482000081799924,25.26124947574751,2.0813193398064553e-07
Quad,100000,3,0.004816400003619492,25.26124947574751,2.0813193398064553e-07
Quad,100000,4,0.004745799989905208,25.26124947574751,2.0813193398064553e-07
Quad,100000,5,0.005388399993535131,25.26124947574751,2.0813193398064553e-07
Quad,100000,6,0.004869199998211116,25.26124947574751,2.0813193398064553e-07
Quad,100000,7,0.004856100014876574,25.26124947574751,2.0813193398064553e-07
Quad,100000,8,0.004808199999388307,25.26124947574751,2.0813193398064553e-07
Quad,100000,9,0.0047469999990426,25.26124947574751,2.0813193398064553e-07
QMC,100000,0,0.022057400026824325,25.26121424550156,0.00013925546053847166
QMC,100000,1,0.022016899951267987,25.26121424550156,0.00013925546053847166
QMC,100000,2,0.021823000046424568,25.26121424550156,0.00013925546053847166
QMC,100000,3,0.021933300013188273,25.26121424550156,0.00013925546053847166
QMC,100000,4,0.02174260001629591,25.26121424550156,0.00013925546053847166
QMC,100000,5,0.022274699993431568,25.26121424550156,0.00013925546053847166
QMC,100000,6,0.0218788999482058,25.26121424550156,0.00013925546053847166
QMC,100000,7,0.024166000017430633,25.26121424550156,0.00013925546053847166
QMC,100000,8,0.021657100005540997,25.26121424550156,0.00013925546053847166
QMC,100000,9,0.021631999989040196,25.26121424550156,0.00013925546053847166
MC,100000,0,0.022885199985466897,25.261370080126706,0.0004776365329516975
MC,100000,1,0.022147500014398247,25.261370080126706,0.0004776365329516975
MC,100000,2,0.022434099984820932,25.261370080126706,0.0004776365329516975
MC,100000,3,0.02235280000604689,25.261370080126706,0.0004776365329516975
MC,100000,4,0.022332699969410896,25.261370080126706,0.0004776365329516975
MC,100000,5,0.024184699985198677,25.261370080126706,0.0004776365329516975
MC,100000,6,0.022826800006441772,25.261370080126706,0.0004776365329516975
MC,100000,7,0.02238559996476397,25.261370080126706,0.0004776365329516975
MC,100000,8,0.021899400046095252,25.261370080126706,0.0004776365329516975
MC,100000,9,0.021943200030364096,25.261370080126706,0.0004776365329516975
