impl,model,n_samples,seed,fit_seconds
current,cslogit,1000,0,0.010054800019133836
current,cslogit,1000,1,0.011386700032744557
current,cslogit,1000,2,0.00963919999776408
current,cslogit,1000,3,0.009634299960453063
current,cslogit,1000,4,0.011408100021071732
current,cslogit,1000,5,0.011031900008674711
current,cslogit,1000,6,0.011749700002837926
current,cslogit,1000,7,0.01268400001572445
current,cslogit,1000,8,0.010228500002995133
current,cslogit,1000,9,0.01179199997568503
current,cstree,1000,0,0.01572590001160279
current,cstree,1000,1,0.015599500038661063
current,cstree,1000,2,0.015511300007347018
current,cstree,1000,3,0.01577309996355325
current,cstree,1000,4,0.03432320000138134
current,cstree,1000,5,0.04365830001188442
current,cstree,1000,6,0.016489600006025285
current,cstree,1000,7,0.017627399996854365
current,cstree,1000,8,0.029082000022754073
current,cstree,1000,9,0.01648420002311468
current,csforest,1000,0,0.18274990003556013
current,csforest,1000,1,0.17842060001567006
current,csforest,1000,2,0.19434699998237193
current,csforest,1000,3,0.20042770000873134
current,csforest,1000,4,0.17782330000773072
current,csforest,1000,5,0.19284010003320873
current,csforest,1000,6,0.17040970001835376
current,csforest,1000,7,0.20502160000614822
current,csforest,1000,8,0.18523920001462102
current,csforest,1000,9,0.20408699999097735
current,cslogit,3000,0,0.021623499982524663
current,cslogit,3000,1,0.019394900009501725
current,cslogit,3000,2,0.01651990000391379
current,cslogit,3000,3,0.014316899992991239
current,cslogit,3000,4,0.012419100035913289
current,cslogit,3000,5,0.012129999988246709
current,cslogit,3000,6,0.029479800025001168
current,cslogit,3000,7,0.014195600000675768
current,cslogit,3000,8,0.016698100022040308
current,cslogit,3000,9,0.01339949999237433
current,cstree,3000,0,0.040173000015784055
current,cstree,3000,1,0.0403785000089556
current,cstree,3000,2,0.03935330000240356
current,cstree,3000,3,0.04120149998925626
current,cstree,3000,4,0.0409936000360176
current,cstree,3000,5,0.04067919997032732
current,cstree,3000,6,0.04222419997677207
current,cstree,3000,7,0.0424563999986276
current,cstree,3000,8,0.04070559999672696
current,cstree,3000,9,0.042426400003023446
current,csforest,3000,0,0.5191014999873005
current,csforest,3000,1,0.5167807000107132
current,csforest,3000,2,0.5244193999678828
current,csforest,3000,3,0.477774600032717
current,csforest,3000,4,0.4618096000049263
current,csforest,3000,5,0.5278117000125349
current,csforest,3000,6,0.498322699975688
current,csforest,3000,7,0.5243403000058606
current,csforest,3000,8,0.47309370001312345
current,csforest,3000,9,0.5267882999614812
current,cslogit,10000,0,0.02364800003124401
current,cslogit,10000,1,0.025169999978970736
current,cslogit,10000,2,0.024037000024691224
current,cslogit,10000,3,0.025317299994640052
current,cslogit,10000,4,0.023010500008240342
current,cslogit,10000,5,0.01898679998703301
current,cslogit,10000,6,0.023894299985840917
current,cslogit,10000,7,0.01842229999601841
current,cslogit,10000,8,0.021836800035089254
current,cslogit,10000,9,0.018722599954344332
current,cstree,10000,0,0.14731089997803792
current,cstree,10000,1,0.14008679997641593
current,cstree,10000,2,0.1392788999946788
current,cstree,10000,3,0.14170129998819903
current,cstree,10000,4,0.14222969999536872
current,cstree,10000,5,0.13845490000676364
current,cstree,10000,6,0.13932539999950677
current,cstree,10000,7,0.1482209000387229
current,cstree,10000,8,0.14102229999843985
current,cstree,10000,9,0.13759510003728792
current,csforest,10000,0,1.8260787999606691
current,csforest,10000,1,1.5398256000480615
current,csforest,10000,2,1.70274859998608
current,csforest,10000,3,1.6739773000008427
current,csforest,10000,4,1.7273152000270784
current,csforest,10000,5,1.8789105999749154
current,csforest,10000,6,1.6583805000409484
current,csforest,10000,7,1.8512885000091046
current,csforest,10000,8,1.6583976999972947
current,csforest,10000,9,1.9693832999910228
current,cslogit,30000,0,0.040341700019780546
current,cslogit,30000,1,0.02810880000470206
current,cslogit,30000,2,0.05041790002724156
current,cslogit,30000,3,0.06630589999258518
current,cslogit,30000,4,0.04131649999180809
current,cslogit,30000,5,0.042283000017050654
current,cslogit,30000,6,0.039715099963359535
current,cslogit,30000,7,0.03043929999694228
current,cslogit,30000,8,0.03969970002071932
current,cslogit,30000,9,0.03590479999547824
current,cstree,30000,0,0.48261639999691397
current,cstree,30000,1,0.46774610003922135
current,cstree,30000,2,0.45824700000230223
current,cstree,30000,3,0.4711824999540113
current,cstree,30000,4,0.4825641000061296
current,cstree,30000,5,0.4668130000354722
current,cstree,30000,6,0.476768099993933
current,cstree,30000,7,0.31445359997451305
current,cstree,30000,8,0.47074300004169345
current,cstree,30000,9,0.466672100010328
current,csforest,30000,0,5.495873700012453
current,csforest,30000,1,5.6829638999770395
current,csforest,30000,2,5.9055110000190325
current,csforest,30000,3,5.823539600009099
current,csforest,30000,4,5.879367000015918
current,csforest,30000,5,5.904194100003224
current,csforest,30000,6,5.1877025999710895
current,csforest,30000,7,4.61910650000209
current,csforest,30000,8,5.862781799980439
current,csforest,30000,9,5.4564459999674
current,cslogit,100000,0,0.05690419999882579
current,cslogit,100000,1,0.05042550002690405
current,cslogit,100000,2,0.04522650002036244
current,cslogit,100000,3,0.04684039996936917
current,cslogit,100000,4,0.03693619999103248
current,cslogit,100000,5,0.039399500004947186
current,cslogit,100000,6,0.037466200010385364
current,cslogit,100000,7,0.036473400017712265
current,cslogit,100000,8,0.039943400013726205
current,cslogit,100000,9,0.045561400009319186
current,cstree,100000,0,1.8403591000242159
current,cstree,100000,1,1.763079900003504
current,cstree,100000,2,1.7953323000110686
current,cstree,100000,3,1.8552559000090696
current,cstree,100000,4,1.869184800016228
current,cstree,100000,5,1.8253575999988243
current,cstree,100000,6,1.8641204999876209
current,cstree,100000,7,1.821463699976448
current,cstree,100000,8,1.757894699985627
current,cstree,100000,9,1.8574032000033185
current,csforest,100000,0,23.127676200005226
current,csforest,100000,1,23.24373139999807
current,csforest,100000,2,23.651250099996105
current,csforest,100000,3,20.778661200019997
current,csforest,100000,4,21.136662799981423
current,csforest,100000,5,22.433274600014556
current,csforest,100000,6,19.513793400023133
current,csforest,100000,7,22.690190499997698
current,csforest,100000,8,21.430374799994752
current,csforest,100000,9,22.146428300009575
current,cslogit,300000,0,0.15260739997029305
current,cslogit,300000,1,0.1111613999819383
current,cslogit,300000,2,0.11097400001017377
current,cslogit,300000,3,0.13975710002705455
current,cslogit,300000,4,0.16081569995731115
current,cslogit,300000,5,0.09348510002018884
current,cslogit,300000,6,0.2052411999902688
current,cslogit,300000,7,0.1465195000055246
current,cslogit,300000,8,0.20196739997481927
current,cslogit,300000,9,0.1018492000293918
current,cstree,300000,0,7.937748899974395
current,cstree,300000,1,8.086387299990747
current,cstree,300000,2,7.576185899961274
current,cstree,300000,3,6.865675100008957
current,cstree,300000,4,6.745513900008518
current,cstree,300000,5,7.560513300006278
current,cstree,300000,6,7.4461226999992505
current,cstree,300000,7,7.469176199985668
current,cstree,300000,8,6.538658800011035
current,cstree,300000,9,6.549440499977209
current,csforest,300000,0,82.04242860001978
current,csforest,300000,1,74.60699699999532
current,csforest,300000,2,67.45805439999094
current,csforest,300000,3,72.35937399999239
current,csforest,300000,4,68.40529450000031
current,csforest,300000,5,73.35872579994611
current,csforest,300000,6,66.39579179999419
current,csforest,300000,7,74.98503229999915
current,csforest,300000,8,63.594820700003766
current,csforest,300000,9,68.98378470004536
current,cslogit,1000000,0,0.5489041999680921
current,cslogit,1000000,1,0.4565097000449896
current,cslogit,1000000,2,0.39388099999632686
current,cslogit,1000000,3,0.5011761000496335
current,cslogit,1000000,4,0.4596847000066191
current,cslogit,1000000,5,0.4464441000018269
current,cslogit,1000000,6,0.4891391000128351
current,cslogit,1000000,7,0.40780739998444915
current,cslogit,1000000,8,0.4238245000015013
current,cslogit,1000000,9,0.402975500037428
current,cstree,1000000,0,23.23539589997381
current,cstree,1000000,1,23.05471659998875
current,cstree,1000000,2,22.415605500049423
current,cstree,1000000,3,22.66156520001823
current,cstree,1000000,4,22.750730599975213
current,cstree,1000000,5,22.794486099970527
current,cstree,1000000,6,22.806169099989347
current,cstree,1000000,7,20.90134500002023
current,cstree,1000000,8,21.433044200006407
current,cstree,1000000,9,21.048931400000583
current,csforest,1000000,0,247.44556100002956
current,csforest,1000000,1,254.60788670001784
current,csforest,1000000,2,295.63101419998566
current,csforest,1000000,3,282.78872140002204
current,csforest,1000000,4,285.4756664999877
current,csforest,1000000,5,278.2124704000307
current,csforest,1000000,6,282.1092725000344
current,csforest,1000000,7,256.7346416999935
current,csforest,1000000,8,227.35611339996103
current,csforest,1000000,9,288.41016879997915
